date,home_team,away_team,home_score,away_score,tournament
2023-08-11,Burnley,Man City,0,3,Premier League
2023-08-12,Arsenal,Nott'm Forest,2,1,Premier League
2023-08-12,Bournemouth,West Ham,1,1,Premier League
2023-08-12,Brighton,Luton,4,1,Premier League
2023-08-12,Everton,Fulham,0,1,Premier League
2023-08-12,Sheffield United,Crystal Palace,0,1,Premier League
2023-08-12,Newcastle,Aston Villa,5,1,Premier League
2023-08-13,Brentford,Tottenham,2,2,Premier League
2023-08-13,Chelsea,Liverpool,1,1,Premier League
2023-08-14,Man United,Wolves,1,0,Premier League
2023-08-18,Nott'm Forest,Sheffield United,2,1,Premier League
2023-08-19,Fulham,Brentford,0,3,Premier League
2023-08-19,Liverpool,Bournemouth,3,1,Premier League
2023-08-19,Wolves,Brighton,1,4,Premier League
2023-08-19,Tottenham,Man United,2,0,Premier League
2023-08-19,Man City,Newcastle,1,0,Premier League
2023-08-20,Aston Villa,Everton,4,0,Premier League
2023-08-20,West Ham,Chelsea,3,1,Premier League
2023-08-21,Crystal Palace,Arsenal,0,1,Premier League
2023-08-25,Chelsea,Luton,3,0,Premier League
2023-08-26,Bournemouth,Tottenham,0,2,Premier League
2023-08-26,Arsenal,Fulham,2,2,Premier League
2023-08-26,Brentford,Crystal Palace,1,1,Premier League
2023-08-26,Everton,Wolves,0,1,Premier League
2023-08-26,Man United,Nott'm Forest,3,2,Premier League
2023-08-26,Brighton,West Ham,1,3,Premier League
2023-08-27,Burnley,Aston Villa,1,3,Premier League
2023-08-27,Sheffield United,Man City,1,2,Premier League
2023-08-27,Newcastle,Liverpool,1,2,Premier League
2023-09-01,Luton,West Ham,1,2,Premier League
2023-09-02,Sheffield United,Everton,2,2,Premier League
2023-09-02,Brentford,Bournemouth,2,2,Premier League
2023-09-02,Burnley,Tottenham,2,5,Premier League
2023-09-02,Chelsea,Nott'm Forest,0,1,Premier League
2023-09-02,Man City,Fulham,5,1,Premier League
2023-09-02,Brighton,Newcastle,3,1,Premier League
2023-09-03,Crystal Palace,Wolves,3,2,Premier League
2023-09-03,Liverpool,Aston Villa,3,0,Premier League
2023-09-03,Arsenal,Man United,3,1,Premier League
2023-09-16,Wolves,Liverpool,1,3,Premier League
2023-09-16,Aston Villa,Crystal Palace,3,1,Premier League
2023-09-16,Fulham,Luton,1,0,Premier League
2023-09-16,Man United,Brighton,1,3,Premier League
2023-09-16,Tottenham,Sheffield United,2,1,Premier League
2023-09-16,West Ham,Man City,1,3,Premier League
2023-09-16,Newcastle,Brentford,1,0,Premier League
2023-09-17,Bournemouth,Chelsea,0,0,Premier League
2023-09-17,Everton,Arsenal,0,1,Premier League
2023-09-18,Nott'm Forest,Burnley,1,1,Premier League
2023-09-23,Crystal Palace,Fulham,0,0,Premier League
2023-09-23,Luton,Wolves,1,1,Premier League
2023-09-23,Man City,Nott'm Forest,2,0,Premier League
2023-09-23,Brentford,Everton,1,3,Premier League
2023-09-23,Burnley,Man United,0,1,Premier League
2023-09-24,Arsenal,Tottenham,2,2,Premier League
2023-09-24,Brighton,Bournemouth,3,1,Premier League
2023-09-24,Chelsea,Aston Villa,0,1,Premier League
2023-09-24,Liverpool,West Ham,3,1,Premier League
2023-09-24,Sheffield United,Newcastle,0,8,Premier League
2023-09-30,Aston Villa,Brighton,6,1,Premier League
2023-09-30,Bournemouth,Arsenal,0,4,Premier League
2023-09-30,Everton,Luton,1,2,Premier League
2023-09-30,Man United,Crystal Palace,0,1,Premier League
2023-09-30,Newcastle,Burnley,2,0,Premier League
2023-09-30,West Ham,Sheffield United,2,0,Premier League
2023-09-30,Wolves,Man City,2,1,Premier League
2023-09-30,Tottenham,Liverpool,2,1,Premier League
2023-10-01,Nott'm Forest,Brentford,1,1,Premier League
2023-10-02,Fulham,Chelsea,0,2,Premier League
2023-10-03,Luton,Burnley,1,2,Premier League
2023-10-07,Luton,Tottenham,0,1,Premier League
2023-10-07,Burnley,Chelsea,1,4,Premier League
2023-10-07,Everton,Bournemouth,3,0,Premier League
2023-10-07,Fulham,Sheffield United,3,1,Premier League
2023-10-07,Man United,Brentford,2,1,Premier League
2023-10-07,Crystal Palace,Nott'm Forest,0,0,Premier League
2023-10-08,Brighton,Liverpool,2,2,Premier League
2023-10-08,West Ham,Newcastle,2,2,Premier League
2023-10-08,Wolves,Aston Villa,1,1,Premier League
2023-10-08,Arsenal,Man City,1,0,Premier League
2023-10-21,Liverpool,Everton,2,0,Premier League
2023-10-21,Bournemouth,Wolves,1,2,Premier League
2023-10-21,Brentford,Burnley,3,0,Premier League
2023-10-21,Man City,Brighton,2,1,Premier League
2023-10-21,Newcastle,Crystal Palace,4,0,Premier League
2023-10-21,Nott'm Forest,Luton,2,2,Premier League
2023-10-21,Chelsea,Arsenal,2,2,Premier League
2023-10-21,Sheffield United,Man United,1,2,Premier League
2023-10-22,Aston Villa,West Ham,4,1,Premier League
2023-10-23,Tottenham,Fulham,2,0,Premier League
2023-10-27,Crystal Palace,Tottenham,1,2,Premier League
2023-10-28,Chelsea,Brentford,0,2,Premier League
2023-10-28,Arsenal,Sheffield United,5,0,Premier League
2023-10-28,Bournemouth,Burnley,2,1,Premier League
2023-10-28,Wolves,Newcastle,2,2,Premier League
2023-10-29,West Ham,Everton,0,1,Premier League
2023-10-29,Aston Villa,Luton,3,1,Premier League
2023-10-29,Brighton,Fulham,1,1,Premier League
2023-10-29,Liverpool,Nott'm Forest,3,0,Premier League
2023-10-29,Man United,Man City,0,3,Premier League
2023-11-04,Fulham,Man United,0,1,Premier League
2023-11-04,Brentford,West Ham,3,2,Premier League
2023-11-04,Burnley,Crystal Palace,0,2,Premier League
2023-11-04,Everton,Brighton,1,1,Premier League
2023-11-04,Man City,Bournemouth,6,1,Premier League
2023-11-04,Sheffield United,Wolves,2,1,Premier League
2023-11-04,Newcastle,Arsenal,1,0,Premier League
2023-11-05,Nott'm Forest,Aston Villa,2,0,Premier League
2023-11-05,Luton,Liverpool,1,1,Premier League
2023-11-06,Tottenham,Chelsea,1,4,Premier League
2023-11-11,Wolves,Tottenham,2,1,Premier League
2023-11-11,Arsenal,Burnley,3,1,Premier League
2023-11-11,Crystal Palace,Everton,2,3,Premier League
2023-11-11,Man United,Luton,1,0,Premier League
2023-11-11,Bournemouth,Newcastle,2,0,Premier League
2023-11-12,Aston Villa,Fulham,3,1,Premier League
2023-11-12,Brighton,Sheffield United,1,1,Premier League
2023-11-12,Liverpool,Brentford,3,0,Premier League
2023-11-12,West Ham,Nott'm Forest,3,2,Premier League
2023-11-12,Chelsea,Man City,4,4,Premier League
2023-11-25,Man City,Liverpool,1,1,Premier League
2023-11-25,Burnley,West Ham,1,2,Premier League
2023-11-25,Luton,Crystal Palace,2,1,Premier League
2023-11-25,Newcastle,Chelsea,4,1,Premier League
2023-11-25,Nott'm Forest,Brighton,2,3,Premier League
2023-11-25,Sheffield United,Bournemouth,1,3,Premier League
2023-11-25,Brentford,Arsenal,0,1,Premier League
2023-11-26,Tottenham,Aston Villa,1,2,Premier League
2023-11-26,Everton,Man United,0,3,Premier League
2023-11-27,Fulham,Wolves,3,2,Premier League
2023-12-02,Arsenal,Wolves,2,1,Premier League
2023-12-02,Brentford,Luton,3,1,Premier League
2023-12-02,Burnley,Sheffield United,5,0,Premier League
2023-12-02,Nott'm Forest,Everton,0,1,Premier League
2023-12-02,Newcastle,Man United,1,0,Premier League
2023-12-03,Bournemouth,Aston Villa,2,2,Premier League
2023-12-03,Chelsea,Brighton,3,2,Premier League
2023-12-03,Liverpool,Fulham,4,3,Premier League
2023-12-03,West Ham,Crystal Palace,1,1,Premier League
2023-12-03,Man City,Tottenham,3,3,Premier League
2023-12-05,Wolves,Burnley,1,0,Premier League
2023-12-05,Luton,Arsenal,3,4,Premier League
2023-12-06,Brighton,Brentford,2,1,Premier League
2023-12-06,Crystal Palace,Bournemouth,0,2,Premier League
2023-12-06,Fulham,Nott'm Forest,5,0,Premier League
2023-12-06,Sheffield United,Liverpool,0,2,Premier League
2023-12-06,Aston Villa,Man City,1,0,Premier League
2023-12-06,Man United,Chelsea,2,1,Premier League
2023-12-07,Everton,Newcastle,3,0,Premier League
2023-12-07,Tottenham,West Ham,1,2,Premier League
2023-12-09,Crystal Palace,Liverpool,1,2,Premier League
2023-12-09,Brighton,Burnley,1,1,Premier League
2023-12-09,Man United,Bournemouth,0,3,Premier League
2023-12-09,Sheffield United,Brentford,1,0,Premier League
2023-12-09,Wolves,Nott'm Forest,1,1,Premier League
2023-12-09,Aston Villa,Arsenal,1,0,Premier League
2023-12-10,Everton,Chelsea,2,0,Premier League
2023-12-10,Fulham,West Ham,5,0,Premier League
2023-12-10,Luton,Man City,1,2,Premier League
2023-12-10,Tottenham,Newcastle,4,1,Premier League
2023-12-15,Nott'm Forest,Tottenham,0,2,Premier League
2023-12-16,Chelsea,Sheffield United,2,0,Premier League
2023-12-16,Man City,Crystal Palace,2,2,Premier League
2023-12-16,Newcastle,Fulham,3,0,Premier League
2023-12-16,Burnley,Everton,0,2,Premier League
2023-12-17,Arsenal,Brighton,2,0,Premier League
2023-12-17,Brentford,Aston Villa,1,2,Premier League
2023-12-17,West Ham,Wolves,3,0,Premier League
2023-12-17,Liverpool,Man United,0,0,Premier League
2023-12-21,Crystal Palace,Brighton,1,1,Premier League
2023-12-22,Aston Villa,Sheffield United,1,1,Premier League
2023-12-23,West Ham,Man United,2,0,Premier League
2023-12-23,Fulham,Burnley,0,2,Premier League
2023-12-23,Luton,Newcastle,1,0,Premier League
2023-12-23,Nott'm Forest,Bournemouth,2,3,Premier League
2023-12-23,Tottenham,Everton,2,1,Premier League
2023-12-23,Liverpool,Arsenal,1,1,Premier League
2023-12-24,Wolves,Chelsea,2,1,Premier League
2023-12-26,Newcastle,Nott'm Forest,1,3,Premier League
2023-12-26,Bournemouth,Fulham,3,0,Premier League
2023-12-26,Sheffield United,Luton,2,3,Premier League
2023-12-26,Burnley,Liverpool,0,2,Premier League
2023-12-26,Man United,Aston Villa,3,2,Premier League
2023-12-27,Brentford,Wolves,1,4,Premier League
2023-12-27,Chelsea,Crystal Palace,2,1,Premier League
2023-12-27,Everton,Man City,1,3,Premier League
2023-12-28,Brighton,Tottenham,4,2,Premier League
2023-12-28,Arsenal,West Ham,0,2,Premier League
2023-12-30,Luton,Chelsea,2,3,Premier League
2023-12-30,Aston Villa,Burnley,3,2,Premier League
2023-12-30,Crystal Palace,Brentford,3,1,Premier League
2023-12-30,Man City,Sheffield United,2,0,Premier League
2023-12-30,Wolves,Everton,3,0,Premier League
2023-12-30,Nott'm Forest,Man United,2,1,Premier League
2023-12-31,Fulham,Arsenal,2,1,Premier League
2023-12-31,Tottenham,Bournemouth,3,1,Premier League
2024-01-01,Liverpool,Newcastle,4,2,Premier League
2024-01-02,West Ham,Brighton,0,0,Premier League
2024-01-12,Burnley,Luton,1,1,Premier League
2024-01-13,Chelsea,Fulham,1,0,Premier League
2024-01-13,Newcastle,Man City,2,3,Premier League
2024-01-14,Everton,Aston Villa,0,0,Premier League
2024-01-14,Man United,Tottenham,2,2,Premier League
2024-01-20,Arsenal,Crystal Palace,5,0,Premier League
2024-01-20,Brentford,Nott'm Forest,3,2,Premier League
2024-01-21,Sheffield United,West Ham,2,2,Premier League
2024-01-21,Bournemouth,Liverpool,0,4,Premier League
2024-01-22,Brighton,Wolves,0,0,Premier League
2024-01-30,Nott'm Forest,Arsenal,1,2,Premier League
2024-01-30,Fulham,Everton,0,0,Premier League
2024-01-30,Luton,Brighton,4,0,Premier League
2024-01-30,Crystal Palace,Sheffield United,3,2,Premier League
2024-01-30,Aston Villa,Newcastle,1,3,Premier League
2024-01-31,Man City,Burnley,3,1,Premier League
2024-01-31,Tottenham,Brentford,3,2,Premier League
2024-01-31,Liverpool,Chelsea,4,1,Premier League
2024-02-01,West Ham,Bournemouth,1,1,Premier League
2024-02-01,Wolves,Man United,3,4,Premier League
2024-02-03,Everton,Tottenham,2,2,Premier League
2024-02-03,Brighton,Crystal Palace,4,1,Premier League
2024-02-03,Burnley,Fulham,2,2,Premier League
2024-02-03,Newcastle,Luton,4,4,Premier League
2024-02-03,Sheffield United,Aston Villa,0,5,Premier League
2024-02-04,Bournemouth,Nott'm Forest,1,1,Premier League
2024-02-04,Chelsea,Wolves,2,4,Premier League
2024-02-04,Man United,West Ham,3,0,Premier League
2024-02-04,Arsenal,Liverpool,3,1,Premier League
2024-02-05,Brentford,Man City,1,3,Premier League
2024-02-10,Man City,Everton,2,0,Premier League
2024-02-10,Fulham,Bournemouth,3,1,Premier League
2024-02-10,Liverpool,Burnley,3,1,Premier League
2024-02-10,Luton,Sheffield United,1,3,Premier League
2024-02-10,Tottenham,Brighton,2,1,Premier League
2024-02-10,Wolves,Brentford,0,2,Premier League
2024-02-10,Nott'm Forest,Newcastle,2,3,Premier League
2024-02-11,West Ham,Arsenal,0,6,Premier League
2024-02-11,Aston Villa,Man United,1,2,Premier League
2024-02-12,Crystal Palace,Chelsea,1,3,Premier League
2024-02-17,Brentford,Liverpool,1,4,Premier League
2024-02-17,Burnley,Arsenal,0,5,Premier League
2024-02-17,Fulham,Aston Villa,1,2,Premier League
2024-02-17,Newcastle,Bournemouth,2,2,Premier League
2024-02-17,Nott'm Forest,West Ham,2,0,Premier League
2024-02-17,Tottenham,Wolves,1,2,Premier League
2024-02-17,Man City,Chelsea,1,1,Premier League
2024-02-18,Sheffield United,Brighton,0,5,Premier League
2024-02-18,Luton,Man United,1,2,Premier League
2024-02-19,Everton,Crystal Palace,1,1,Premier League
2024-02-20,Man City,Brentford,1,0,Premier League
2024-02-21,Liverpool,Luton,4,1,Premier League
2024-02-24,Aston Villa,Nott'm Forest,4,2,Premier League
2024-02-24,Brighton,Everton,1,1,Premier League
2024-02-24,Crystal Palace,Burnley,3,0,Premier League
2024-02-24,Man United,Fulham,1,2,Premier League
2024-02-24,Bournemouth,Man City,0,1,Premier League
2024-02-24,Arsenal,Newcastle,4,1,Premier League
2024-02-25,Wolves,Sheffield United,1,0,Premier League
2024-02-26,West Ham,Brentford,4,2,Premier League
2024-03-02,Brentford,Chelsea,2,2,Premier League
2024-03-02,Everton,West Ham,1,3,Premier League
2024-03-02,Fulham,Brighton,3,0,Premier League
2024-03-02,Newcastle,Wolves,3,0,Premier League
2024-03-02,Nott'm Forest,Liverpool,0,1,Premier League
2024-03-02,Tottenham,Crystal Palace,3,1,Premier League
2024-03-02,Luton,Aston Villa,2,3,Premier League
2024-03-03,Burnley,Bournemouth,0,2,Premier League
2024-03-03,Man City,Man United,3,1,Premier League
2024-03-04,Sheffield United,Arsenal,0,6,Premier League
2024-03-09,Man United,Everton,2,0,Premier League
2024-03-09,Bournemouth,Sheffield United,2,2,Premier League
2024-03-09,Crystal Palace,Luton,1,1,Premier League
2024-03-09,Wolves,Fulham,2,1,Premier League
2024-03-09,Arsenal,Brentford,2,1,Premier League
2024-03-10,Aston Villa,Tottenham,0,4,Premier League
2024-03-10,Brighton,Nott'm Forest,1,0,Premier League
2024-03-10,West Ham,Burnley,2,2,Premier League
2024-03-10,Liverpool,Man City,1,1,Premier League
2024-03-11,Chelsea,Newcastle,3,2,Premier League
2024-03-13,Bournemouth,Luton,4,3,Premier League
2024-03-16,Burnley,Brentford,2,1,Premier League
2024-03-16,Luton,Nott'm Forest,1,1,Premier League
2024-03-16,Fulham,Tottenham,3,0,Premier League
2024-03-17,West Ham,Aston Villa,1,1,Premier League
2024-03-30,Newcastle,West Ham,4,3,Premier League
2024-03-30,Bournemouth,Everton,2,1,Premier League
2024-03-30,Chelsea,Burnley,2,2,Premier League
2024-03-30,Nott'm Forest,Crystal Palace,1,1,Premier League
2024-03-30,Sheffield United,Fulham,3,3,Premier League
2024-03-30,Tottenham,Luton,2,1,Premier League
2024-03-30,Aston Villa,Wolves,2,0,Premier League
2024-03-30,Brentford,Man United,1,1,Premier League
2024-03-31,Liverpool,Brighton,2,1,Premier League
2024-03-31,Man City,Arsenal,0,0,Premier League
2024-04-02,Newcastle,Everton,1,1,Premier League
2024-04-02,Nott'm Forest,Fulham,3,1,Premier League
2024-04-02,Bournemouth,Crystal Palace,1,0,Premier League
2024-04-02,Burnley,Wolves,1,1,Premier League
2024-04-02,West Ham,Tottenham,1,1,Premier League
2024-04-03,Arsenal,Luton,2,0,Premier League
2024-04-03,Brentford,Brighton,0,0,Premier League
2024-04-03,Man City,Aston Villa,4,1,Premier League
2024-04-04,Liverpool,Sheffield United,3,1,Premier League
2024-04-04,Chelsea,Man United,4,3,Premier League
2024-04-06,Crystal Palace,Man City,2,4,Premier League
2024-04-06,Aston Villa,Brentford,3,3,Premier League
2024-04-06,Everton,Burnley,1,0,Premier League
2024-04-06,Fulham,Newcastle,0,1,Premier League
2024-04-06,Luton,Bournemouth,2,1,Premier League
2024-04-06,Wolves,West Ham,1,2,Premier League
2024-04-06,Brighton,Arsenal,0,3,Premier League
2024-04-07,Man United,Liverpool,2,2,Premier League
2024-04-07,Sheffield United,Chelsea,2,2,Premier League
2024-04-07,Tottenham,Nott'm Forest,3,1,Premier League
2024-04-13,Newcastle,Tottenham,4,0,Premier League
2024-04-13,Brentford,Sheffield United,2,0,Premier League
2024-04-13,Burnley,Brighton,1,1,Premier League
2024-04-13,Man City,Luton,5,1,Premier League
2024-04-13,Nott'm Forest,Wolves,2,2,Premier League
2024-04-13,Bournemouth,Man United,2,2,Premier League
2024-04-14,Liverpool,Crystal Palace,0,1,Premier League
2024-04-14,West Ham,Fulham,0,2,Premier League
2024-04-14,Arsenal,Aston Villa,0,2,Premier League
2024-04-15,Chelsea,Everton,6,0,Premier League
2024-04-20,Luton,Brentford,1,5,Premier League
2024-04-20,Sheffield United,Burnley,1,4,Premier League
2024-04-20,Wolves,Arsenal,0,2,Premier League
2024-04-21,Everton,Nott'm Forest,2,0,Premier League
2024-04-21,Aston Villa,Bournemouth,3,1,Premier League
2024-04-21,Crystal Palace,West Ham,5,2,Premier League
2024-04-21,Fulham,Liverpool,1,3,Premier League
2024-04-23,Arsenal,Chelsea,5,0,Premier League
2024-04-24,Wolves,Bournemouth,0,1,Premier League
2024-04-24,Crystal Palace,Newcastle,2,0,Premier League
2024-04-24,Everton,Liverpool,2,0,Premier League
2024-04-24,Man United,Sheffield United,4,2,Premier League
2024-04-25,Brighton,Man City,0,4,Premier League
2024-04-27,West Ham,Liverpool,2,2,Premier League
2024-04-27,Fulham,Crystal Palace,1,1,Premier League
2024-04-27,Man United,Burnley,1,1,Premier League
2024-04-27,Newcastle,Sheffield United,5,1,Premier League
2024-04-27,Wolves,Luton,2,1,Premier League
2024-04-27,Everton,Brentford,1,0,Premier League
2024-04-27,Aston Villa,Chelsea,2,2,Premier League
2024-04-28,Bournemouth,Brighton,3,0,Premier League
2024-04-28,Tottenham,Arsenal,2,3,Premier League
2024-04-28,Nott'm Forest,Man City,0,2,Premier League
2024-05-02,Chelsea,Tottenham,2,0,Premier League
2024-05-03,Luton,Everton,1,1,Premier League
2024-05-04,Arsenal,Bournemouth,3,0,Premier League
2024-05-04,Brentford,Fulham,0,0,Premier League
2024-05-04,Burnley,Newcastle,1,4,Premier League
2024-05-04,Sheffield United,Nott'm Forest,1,3,Premier League
2024-05-04,Man City,Wolves,5,1,Premier League
2024-05-05,Brighton,Aston Villa,1,0,Premier League
2024-05-05,Chelsea,West Ham,5,0,Premier League
2024-05-05,Liverpool,Tottenham,4,2,Premier League
2024-05-06,Crystal Palace,Man United,4,0,Premier League
2024-05-11,Fulham,Man City,0,4,Premier League
2024-05-11,Bournemouth,Brentford,1,2,Premier League
2024-05-11,Everton,Sheffield United,1,0,Premier League
2024-05-11,Newcastle,Brighton,1,1,Premier League
2024-05-11,Tottenham,Burnley,2,1,Premier League
2024-05-11,West Ham,Luton,3,1,Premier League
2024-05-11,Wolves,Crystal Palace,1,3,Premier League
2024-05-11,Nott'm Forest,Chelsea,2,3,Premier League
2024-05-12,Man United,Arsenal,0,1,Premier League
2024-05-13,Aston Villa,Liverpool,3,3,Premier League
2024-05-14,Tottenham,Man City,0,2,Premier League
2024-05-15,Brighton,Chelsea,1,2,Premier League
2024-05-15,Man United,Newcastle,3,2,Premier League
2024-05-19,Arsenal,Everton,2,1,Premier League
2024-05-19,Brentford,Newcastle,2,4,Premier League
2024-05-19,Brighton,Man United,0,2,Premier League
2024-05-19,Burnley,Nott'm Forest,1,2,Premier League
2024-05-19,Chelsea,Bournemouth,2,1,Premier League
2024-05-19,Crystal Palace,Aston Villa,5,0,Premier League
2024-05-19,Liverpool,Wolves,2,0,Premier League
2024-05-19,Luton,Fulham,2,4,Premier League
2024-05-19,Man City,West Ham,3,1,Premier League
2024-05-19,Sheffield United,Tottenham,0,3,Premier League
2023-08-11,Almeria,Vallecano,0,2,La Liga
2023-08-11,Sevilla,Valencia,1,2,La Liga
2023-08-12,Sociedad,Girona,1,1,La Liga
2023-08-12,Las Palmas,Mallorca,1,1,La Liga
2023-08-12,Ath Bilbao,Real Madrid,0,2,La Liga
2023-08-13,Celta,Osasuna,0,2,La Liga
2023-08-13,Villarreal,Betis,1,2,La Liga
2023-08-13,Getafe,Barcelona,0,0,La Liga
2023-08-14,Cadiz,Alaves,1,0,La Liga
2023-08-14,Ath Madrid,Granada,3,1,La Liga
2023-08-18,Mallorca,Villarreal,0,1,La Liga
2023-08-18,Valencia,Las Palmas,1,0,La Liga
2023-08-19,Sociedad,Celta,1,1,La Liga
2023-08-19,Almeria,Real Madrid,1,3,La Liga
2023-08-19,Osasuna,Ath Bilbao,0,2,La Liga
2023-08-20,Girona,Getafe,3,0,La Liga
2023-08-20,Barcelona,Cadiz,2,0,La Liga
2023-08-20,Betis,Ath Madrid,0,0,La Liga
2023-08-21,Alaves,Sevilla,4,3,La Liga
2023-08-21,Granada,Vallecano,0,2,La Liga
2023-08-25,Las Palmas,Sociedad,0,0,La Liga
2023-08-25,Celta,Real Madrid,0,1,La Liga
2023-08-26,Cadiz,Almeria,1,1,La Liga
2023-08-26,Granada,Mallorca,3,2,La Liga
2023-08-26,Sevilla,Girona,1,2,La Liga
2023-08-27,Villarreal,Barcelona,3,4,La Liga
2023-08-27,Valencia,Osasuna,1,2,La Liga
2023-08-27,Ath Bilbao,Betis,4,2,La Liga
2023-08-28,Getafe,Alaves,1,0,La Liga
2023-08-28,Vallecano,Ath Madrid,0,7,La Liga
2023-09-01,Cadiz,Villarreal,3,1,La Liga
2023-09-01,Almeria,Celta,2,3,La Liga
2023-09-02,Sociedad,Granada,5,3,La Liga
2023-09-02,Real Madrid,Getafe,2,1,La Liga
2023-09-02,Alaves,Valencia,1,0,La Liga
2023-09-02,Betis,Vallecano,1,0,La Liga
2023-09-03,Girona,Las Palmas,1,0,La Liga
2023-09-03,Mallorca,Ath Bilbao,0,0,La Liga
2023-09-03,Osasuna,Barcelona,1,2,La Liga
2023-09-15,Vallecano,Alaves,2,0,La Liga
2023-09-16,Ath Bilbao,Cadiz,3,0,La Liga
2023-09-16,Valencia,Ath Madrid,3,0,La Liga
2023-09-16,Celta,Mallorca,0,1,La Liga
2023-09-16,Barcelona,Betis,5,0,La Liga
2023-09-17,Getafe,Osasuna,3,2,La Liga
2023-09-17,Villarreal,Almeria,2,1,La Liga
2023-09-17,Sevilla,Las Palmas,1,0,La Liga
2023-09-17,Real Madrid,Sociedad,2,1,La Liga
2023-09-18,Granada,Girona,2,4,La Liga
2023-09-22,Alaves,Ath Bilbao,0,2,La Liga
2023-09-23,Girona,Mallorca,5,3,La Liga
2023-09-23,Osasuna,Sevilla,0,0,La Liga
2023-09-23,Barcelona,Celta,3,2,La Liga
2023-09-23,Almeria,Valencia,2,2,La Liga
2023-09-24,Sociedad,Getafe,4,3,La Liga
2023-09-24,Vallecano,Villarreal,1,1,La Liga
2023-09-24,Betis,Cadiz,1,1,La Liga
2023-09-24,Las Palmas,Granada,1,0,La Liga
2023-09-24,Ath Madrid,Real Madrid,3,1,La Liga
2023-09-26,Sevilla,Almeria,5,1,La Liga
2023-09-26,Mallorca,Barcelona,2,2,La Liga
2023-09-27,Ath Bilbao,Getafe,2,2,La Liga
2023-09-27,Real Madrid,Las Palmas,2,0,La Liga
2023-09-27,Villarreal,Girona,1,2,La Liga
2023-09-27,Cadiz,Vallecano,0,0,La Liga
2023-09-27,Valencia,Sociedad,0,1,La Liga
2023-09-28,Celta,Alaves,1,1,La Liga
2023-09-28,Granada,Betis,1,1,La Liga
2023-09-28,Osasuna,Ath Madrid,0,2,La Liga
2023-09-29,Barcelona,Sevilla,1,0,La Liga
2023-09-30,Getafe,Villarreal,0,0,La Liga
2023-09-30,Vallecano,Mallorca,2,2,La Liga
2023-09-30,Girona,Real Madrid,0,3,La Liga
2023-09-30,Sociedad,Ath Bilbao,3,0,La Liga
2023-10-01,Almeria,Granada,3,3,La Liga
2023-10-01,Alaves,Osasuna,0,2,La Liga
2023-10-01,Ath Madrid,Cadiz,3,2,La Liga
2023-10-01,Betis,Valencia,3,0,La Liga
2023-10-02,Las Palmas,Celta,2,1,La Liga
2023-10-06,Ath Bilbao,Almeria,3,0,La Liga
2023-10-07,Cadiz,Girona,0,1,La Liga
2023-10-07,Real Madrid,Osasuna,4,0,La Liga
2023-10-07,Mallorca,Valencia,1,1,La Liga
2023-10-07,Sevilla,Vallecano,2,2,La Liga
2023-10-08,Villarreal,Las Palmas,1,2,La Liga
2023-10-08,Ath Madrid,Sociedad,2,1,La Liga
2023-10-08,Alaves,Betis,1,1,La Liga
2023-10-08,Celta,Getafe,2,2,La Liga
2023-10-08,Granada,Barcelona,2,2,La Liga
2023-10-20,Osasuna,Granada,2,0,La Liga
2023-10-21,Sociedad,Mallorca,1,0,La Liga
2023-10-21,Getafe,Betis,1,1,La Liga
2023-10-21,Sevilla,Real Madrid,1,1,La Liga
2023-10-21,Celta,Ath Madrid,0,3,La Liga
2023-10-22,Las Palmas,Vallecano,0,1,La Liga
2023-10-22,Girona,Almeria,5,2,La Liga
2023-10-22,Villarreal,Alaves,1,1,La Liga
2023-10-22,Barcelona,Ath Bilbao,1,0,La Liga
2023-10-23,Valencia,Cadiz,2,0,La Liga
2023-10-27,Girona,Celta,1,0,La Liga
2023-10-28,Almeria,Las Palmas,1,2,La Liga
2023-10-28,Barcelona,Real Madrid,1,2,La Liga
2023-10-28,Mallorca,Getafe,0,0,La Liga
2023-10-28,Cadiz,Sevilla,2,2,La Liga
2023-10-29,Betis,Osasuna,2,1,La Liga
2023-10-29,Vallecano,Sociedad,2,2,La Liga
2023-10-29,Ath Bilbao,Valencia,2,2,La Liga
2023-10-29,Ath Madrid,Alaves,2,1,La Liga
2023-10-30,Granada,Villarreal,2,3,La Liga
2023-11-03,Las Palmas,Ath Madrid,2,1,La Liga
2023-11-04,Osasuna,Girona,2,4,La Liga
2023-11-04,Betis,Mallorca,2,0,La Liga
2023-11-04,Celta,Sevilla,1,1,La Liga
2023-11-04,Sociedad,Barcelona,0,1,La Liga
2023-11-05,Alaves,Almeria,1,0,La Liga
2023-11-05,Valencia,Granada,1,0,La Liga
2023-11-05,Villarreal,Ath Bilbao,2,3,La Liga
2023-11-05,Real Madrid,Vallecano,0,0,La Liga
2023-11-06,Getafe,Cadiz,1,0,La Liga
2023-11-10,Ath Bilbao,Celta,4,3,La Liga
2023-11-11,Vallecano,Girona,1,2,La Liga
2023-11-11,Almeria,Sociedad,1,3,La Liga
2023-11-11,Granada,Getafe,1,1,La Liga
2023-11-11,Osasuna,Las Palmas,1,1,La Liga
2023-11-11,Real Madrid,Valencia,5,1,La Liga
2023-11-12,Barcelona,Alaves,2,1,La Liga
2023-11-12,Sevilla,Betis,1,1,La Liga
2023-11-12,Ath Madrid,Villarreal,3,1,La Liga
2023-11-24,Alaves,Granada,3,1,La Liga
2023-11-25,Vallecano,Barcelona,1,1,La Liga
2023-11-25,Valencia,Celta,0,0,La Liga
2023-11-25,Getafe,Almeria,2,1,La Liga
2023-11-25,Ath Madrid,Mallorca,1,0,La Liga
2023-11-26,Villarreal,Osasuna,3,1,La Liga
2023-11-26,Sociedad,Sevilla,2,1,La Liga
2023-11-26,Cadiz,Real Madrid,0,3,La Liga
2023-11-26,Betis,Las Palmas,1,0,La Liga
2023-11-27,Girona,Ath Bilbao,1,1,La Liga
2023-11-29,Mallorca,Cadiz,1,1,La Liga
2023-12-01,Las Palmas,Getafe,2,0,La Liga
2023-12-02,Girona,Valencia,2,1,La Liga
2023-12-02,Ath Bilbao,Vallecano,4,0,La Liga
2023-12-02,Real Madrid,Granada,2,0,La Liga
2023-12-02,Osasuna,Sociedad,1,1,La Liga
2023-12-03,Mallorca,Alaves,0,0,La Liga
2023-12-03,Almeria,Betis,0,0,La Liga
2023-12-03,Sevilla,Villarreal,1,1,La Liga
2023-12-03,Barcelona,Ath Madrid,1,0,La Liga
2023-12-04,Celta,Cadiz,1,1,La Liga
2023-12-08,Getafe,Valencia,1,0,La Liga
2023-12-09,Alaves,Las Palmas,0,1,La Liga
2023-12-09,Betis,Real Madrid,1,1,La Liga
2023-12-09,Villarreal,Sociedad,0,3,La Liga
2023-12-09,Mallorca,Sevilla,1,0,La Liga
2023-12-10,Ath Madrid,Almeria,2,1,La Liga
2023-12-10,Cadiz,Osasuna,1,1,La Liga
2023-12-10,Barcelona,Girona,2,4,La Liga
2023-12-11,Granada,Ath Bilbao,1,1,La Liga
2023-12-11,Vallecano,Celta,0,0,La Liga
2023-12-15,Osasuna,Vallecano,1,0,La Liga
2023-12-16,Celta,Granada,1,0,La Liga
2023-12-16,Ath Bilbao,Ath Madrid,2,0,La Liga
2023-12-16,Sevilla,Getafe,0,3,La Liga
2023-12-16,Valencia,Barcelona,1,1,La Liga
2023-12-17,Almeria,Mallorca,0,0,La Liga
2023-12-17,Sociedad,Betis,0,0,La Liga
2023-12-17,Las Palmas,Cadiz,1,1,La Liga
2023-12-17,Real Madrid,Villarreal,4,1,La Liga
2023-12-18,Girona,Alaves,3,0,La Liga
2023-12-19,Vallecano,Valencia,0,1,La Liga
2023-12-19,Ath Madrid,Getafe,3,3,La Liga
2023-12-19,Granada,Sevilla,0,3,La Liga
2023-12-20,Barcelona,Almeria,3,2,La Liga
2023-12-20,Ath Bilbao,Las Palmas,1,0,La Liga
2023-12-20,Villarreal,Celta,3,2,La Liga
2023-12-21,Betis,Girona,1,1,La Liga
2023-12-21,Cadiz,Sociedad,0,0,La Liga
2023-12-21,Alaves,Real Madrid,0,1,La Liga
2023-12-21,Mallorca,Osasuna,3,2,La Liga
2023-12-23,Ath Madrid,Sevilla,1,0,La Liga
2024-01-02,Getafe,Vallecano,0,2,La Liga
2024-01-02,Sociedad,Alaves,1,1,La Liga
2024-01-02,Valencia,Villarreal,3,1,La Liga
2024-01-03,Granada,Cadiz,2,0,La Liga
2024-01-03,Celta,Betis,2,1,La Liga
2024-01-03,Real Madrid,Mallorca,1,0,La Liga
2024-01-03,Girona,Ath Madrid,4,3,La Liga
2024-01-04,Osasuna,Almeria,1,0,La Liga
2024-01-04,Sevilla,Ath Bilbao,0,2,La Liga
2024-01-04,Las Palmas,Barcelona,1,2,La Liga
2024-01-12,Sevilla,Alaves,2,3,La Liga
2024-01-13,Las Palmas,Villarreal,3,0,La Liga
2024-01-13,Mallorca,Celta,1,1,La Liga
2024-01-13,Ath Bilbao,Sociedad,2,1,La Liga
2024-01-13,Betis,Granada,1,0,La Liga
2024-01-14,Almeria,Girona,0,0,La Liga
2024-01-14,Cadiz,Valencia,1,4,La Liga
2024-01-19,Alaves,Cadiz,1,0,La Liga
2024-01-20,Vallecano,Las Palmas,0,2,La Liga
2024-01-20,Villarreal,Mallorca,1,1,La Liga
2024-01-20,Valencia,Ath Bilbao,1,0,La Liga
2024-01-20,Celta,Sociedad,0,1,La Liga
2024-01-21,Osasuna,Getafe,3,2,La Liga
2024-01-21,Real Madrid,Almeria,3,2,La Liga
2024-01-21,Betis,Barcelona,2,4,La Liga
2024-01-21,Girona,Sevilla,5,1,La Liga
2024-01-22,Granada,Ath Madrid,0,1,La Liga
2024-01-26,Almeria,Alaves,0,3,La Liga
2024-01-27,Sociedad,Vallecano,0,0,La Liga
2024-01-27,Las Palmas,Real Madrid,1,2,La Liga
2024-01-27,Barcelona,Villarreal,3,5,La Liga
2024-01-27,Mallorca,Betis,0,1,La Liga
2024-01-28,Celta,Girona,0,1,La Liga
2024-01-28,Cadiz,Ath Bilbao,0,0,La Liga
2024-01-28,Sevilla,Osasuna,1,1,La Liga
2024-01-28,Ath Madrid,Valencia,2,0,La Liga
2024-01-29,Getafe,Granada,2,0,La Liga
2024-01-31,Barcelona,Osasuna,1,0,La Liga
2024-01-31,Ath Madrid,Vallecano,2,1,La Liga
2024-02-01,Getafe,Real Madrid,0,2,La Liga
2024-02-02,Ath Bilbao,Mallorca,4,0,La Liga
2024-02-03,Valencia,Almeria,2,1,La Liga
2024-02-03,Granada,Las Palmas,1,1,La Liga
2024-02-03,Alaves,Barcelona,1,3,La Liga
2024-02-03,Girona,Sociedad,0,0,La Liga
2024-02-04,Villarreal,Cadiz,0,0,La Liga
2024-02-04,Osasuna,Celta,0,3,La Liga
2024-02-04,Betis,Getafe,1,1,La Liga
2024-02-04,Real Madrid,Ath Madrid,1,1,La Liga
2024-02-05,Vallecano,Sevilla,1,2,La Liga
2024-02-09,Cadiz,Betis,0,2,La Liga
2024-02-10,Alaves,Villarreal,1,1,La Liga
2024-02-10,Sociedad,Osasuna,0,1,La Liga
2024-02-10,Real Madrid,Girona,4,0,La Liga
2024-02-10,Las Palmas,Valencia,2,0,La Liga
2024-02-11,Getafe,Celta,3,2,La Liga
2024-02-11,Mallorca,Vallecano,2,1,La Liga
2024-02-11,Sevilla,Ath Madrid,1,0,La Liga
2024-02-11,Barcelona,Granada,3,3,La Liga
2024-02-12,Almeria,Ath Bilbao,0,0,La Liga
2024-02-16,Villarreal,Getafe,1,1,La Liga
2024-02-17,Ath Madrid,Las Palmas,5,0,La Liga
2024-02-17,Osasuna,Cadiz,2,0,La Liga
2024-02-17,Celta,Barcelona,1,2,La Liga
2024-02-17,Valencia,Sevilla,0,0,La Liga
2024-02-18,Vallecano,Real Madrid,1,1,La Liga
2024-02-18,Granada,Almeria,1,1,La Liga
2024-02-18,Mallorca,Sociedad,1,2,La Liga
2024-02-18,Betis,Alaves,0,0,La Liga
2024-02-19,Ath Bilbao,Girona,3,2,La Liga
2024-02-23,Sociedad,Villarreal,1,3,La Liga
2024-02-24,Barcelona,Getafe,4,0,La Liga
2024-02-24,Alaves,Mallorca,1,1,La Liga
2024-02-24,Almeria,Ath Madrid,2,2,La Liga
2024-02-25,Cadiz,Celta,2,2,La Liga
2024-02-25,Betis,Ath Bilbao,3,1,La Liga
2024-02-25,Las Palmas,Osasuna,1,1,La Liga
2024-02-25,Real Madrid,Sevilla,1,0,La Liga
2024-02-26,Girona,Vallecano,3,0,La Liga
2024-03-01,Celta,Almeria,1,0,La Liga
2024-03-02,Sevilla,Sociedad,3,2,La Liga
2024-03-02,Vallecano,Cadiz,1,1,La Liga
2024-03-02,Getafe,Las Palmas,3,3,La Liga
2024-03-02,Valencia,Real Madrid,2,2,La Liga
2024-03-03,Villarreal,Granada,5,1,La Liga
2024-03-03,Ath Madrid,Betis,2,1,La Liga
2024-03-03,Mallorca,Girona,1,0,La Liga
2024-03-03,Ath Bilbao,Barcelona,0,0,La Liga
2024-03-04,Osasuna,Alaves,1,0,La Liga
2024-03-08,Barcelona,Mallorca,1,0,La Liga
2024-03-09,Valencia,Getafe,1,0,La Liga
2024-03-09,Cadiz,Ath Madrid,2,0,La Liga
2024-03-09,Granada,Sociedad,2,3,La Liga
2024-03-09,Girona,Osasuna,2,0,La Liga
2024-03-10,Alaves,Vallecano,1,0,La Liga
2024-03-10,Las Palmas,Ath Bilbao,0,2,La Liga
2024-03-10,Real Madrid,Celta,4,0,La Liga
2024-03-10,Betis,Villarreal,2,3,La Liga
2024-03-11,Almeria,Sevilla,2,2,La Liga
2024-03-15,Sociedad,Cadiz,2,0,La Liga
2024-03-16,Mallorca,Granada,1,0,La Liga
2024-03-16,Osasuna,Real Madrid,2,4,La Liga
2024-03-16,Getafe,Girona,1,0,La Liga
2024-03-16,Ath Bilbao,Alaves,2,0,La Liga
2024-03-17,Sevilla,Celta,1,2,La Liga
2024-03-17,Las Palmas,Almeria,0,1,La Liga
2024-03-17,Villarreal,Valencia,1,0,La Liga
2024-03-17,Vallecano,Betis,2,0,La Liga
2024-03-17,Ath Madrid,Barcelona,0,3,La Liga
2024-03-29,Cadiz,Granada,1,0,La Liga
2024-03-30,Getafe,Sevilla,0,1,La Liga
2024-03-30,Almeria,Osasuna,0,3,La Liga
2024-03-30,Valencia,Mallorca,0,0,La Liga
2024-03-30,Barcelona,Las Palmas,1,0,La Liga
2024-03-31,Celta,Vallecano,0,0,La Liga
2024-03-31,Girona,Betis,3,2,La Liga
2024-03-31,Alaves,Sociedad,0,1,La Liga
2024-03-31,Real Madrid,Ath Bilbao,2,0,La Liga
2024-04-01,Villarreal,Ath Madrid,1,2,La Liga
2024-04-04,Granada,Valencia,0,1,La Liga
2024-04-12,Betis,Celta,2,1,La Liga
2024-04-13,Ath Madrid,Girona,3,1,La Liga
2024-04-13,Vallecano,Getafe,0,0,La Liga
2024-04-13,Mallorca,Real Madrid,0,1,La Liga
2024-04-13,Cadiz,Barcelona,0,1,La Liga
2024-04-14,Las Palmas,Sevilla,0,2,La Liga
2024-04-14,Granada,Alaves,2,0,La Liga
2024-04-14,Ath Bilbao,Villarreal,1,1,La Liga
2024-04-14,Sociedad,Almeria,2,2,La Liga
2024-04-15,Osasuna,Valencia,0,1,La Liga
2024-04-19,Ath Bilbao,Granada,1,1,La Liga
2024-04-20,Celta,Las Palmas,4,1,La Liga
2024-04-20,Vallecano,Osasuna,2,1,La Liga
2024-04-20,Valencia,Betis,1,2,La Liga
2024-04-20,Girona,Cadiz,4,1,La Liga
2024-04-21,Getafe,Sociedad,1,1,La Liga
2024-04-21,Almeria,Villarreal,1,2,La Liga
2024-04-21,Alaves,Ath Madrid,2,0,La Liga
2024-04-21,Real Madrid,Barcelona,3,2,La Liga
2024-04-22,Sevilla,Mallorca,2,1,La Liga
2024-04-26,Sociedad,Real Madrid,0,1,La Liga
2024-04-27,Las Palmas,Girona,0,2,La Liga
2024-04-27,Almeria,Getafe,1,3,La Liga
2024-04-27,Alaves,Celta,3,0,La Liga
2024-04-27,Ath Madrid,Ath Bilbao,3,1,La Liga
2024-04-28,Cadiz,Mallorca,1,1,La Liga
2024-04-28,Granada,Osasuna,3,0,La Liga
2024-04-28,Villarreal,Vallecano,3,0,La Liga
2024-04-28,Betis,Sevilla,1,1,La Liga
2024-04-29,Barcelona,Valencia,4,2,La Liga
2024-05-03,Getafe,Ath Bilbao,0,2,La Liga
2024-05-04,Sociedad,Las Palmas,2,0,La Liga
2024-05-04,Real Madrid,Cadiz,3,0,La Liga
2024-05-04,Girona,Barcelona,4,2,La Liga
2024-05-04,Mallorca,Ath Madrid,0,1,La Liga
2024-05-05,Osasuna,Betis,0,2,La Liga
2024-05-05,Celta,Villarreal,3,2,La Liga
2024-05-05,Valencia,Alaves,0,1,La Liga
2024-05-05,Sevilla,Granada,3,0,La Liga
2024-05-05,Vallecano,Almeria,0,1,La Liga
2024-05-10,Alaves,Girona,2,2,La Liga
2024-05-11,Mallorca,Las Palmas,1,0,La Liga
2024-05-11,Villarreal,Sevilla,3,2,La Liga
2024-05-11,Granada,Real Madrid,0,4,La Liga
2024-05-11,Ath Bilbao,Osasuna,2,2,La Liga
2024-05-12,Cadiz,Getafe,1,0,La Liga
2024-05-12,Ath Madrid,Celta,1,0,La Liga
2024-05-12,Valencia,Vallecano,0,0,La Liga
2024-05-12,Betis,Almeria,3,2,La Liga
2024-05-13,Barcelona,Sociedad,2,0,La Liga
2024-05-14,Osasuna,Mallorca,1,1,La Liga
2024-05-14,Real Madrid,Alaves,5,0,La Liga
2024-05-14,Girona,Villarreal,0,1,La Liga
2024-05-15,Sevilla,Cadiz,0,1,La Liga
2024-05-15,Vallecano,Granada,2,1,La Liga
2024-05-15,Celta,Ath Bilbao,2,1,La Liga
2024-05-15,Getafe,Ath Madrid,0,3,La Liga
2024-05-16,Las Palmas,Betis,2,2,La Liga
2024-05-16,Almeria,Barcelona,0,2,La Liga
2024-05-16,Sociedad,Valencia,1,0,La Liga
2024-05-18,Alaves,Getafe,1,0,La Liga
2024-05-19,Ath Bilbao,Sevilla,2,0,La Liga
2024-05-19,Ath Madrid,Osasuna,1,4,La Liga
2024-05-19,Barcelona,Vallecano,3,0,La Liga
2024-05-19,Betis,Sociedad,0,2,La Liga
2024-05-19,Cadiz,Las Palmas,0,0,La Liga
2024-05-19,Granada,Celta,1,2,La Liga
2024-05-19,Mallorca,Almeria,2,2,La Liga
2024-05-19,Valencia,Girona,1,3,La Liga
2024-05-19,Villarreal,Real Madrid,4,4,La Liga
2024-05-24,Girona,Granada,7,0,La Liga
2024-05-25,Osasuna,Villarreal,1,1,La Liga
2024-05-25,Sociedad,Ath Madrid,0,2,La Liga
2024-05-25,Almeria,Cadiz,6,1,La Liga
2024-05-25,Vallecano,Ath Bilbao,0,1,La Liga
2024-05-25,Real Madrid,Betis,0,0,La Liga
2024-05-26,Getafe,Mallorca,1,2,La Liga
2024-05-26,Celta,Valencia,2,2,La Liga
2024-05-26,Las Palmas,Alaves,1,1,La Liga
2024-05-26,Sevilla,Barcelona,1,2,La Liga
2024-08-16,Man United,Fulham,1,0,Premier League
2024-08-17,Ipswich,Liverpool,0,2,Premier League
2024-08-17,Arsenal,Wolves,2,0,Premier League
2024-08-17,Everton,Brighton,0,3,Premier League
2024-08-17,Newcastle,Southampton,1,0,Premier League
2024-08-17,Nott'm Forest,Bournemouth,1,1,Premier League
2024-08-17,West Ham,Aston Villa,1,2,Premier League
2024-08-18,Brentford,Crystal Palace,2,1,Premier League
2024-08-18,Chelsea,Man City,0,2,Premier League
2024-08-19,Leicester,Tottenham,1,1,Premier League
2024-08-24,Brighton,Man United,2,1,Premier League
2024-08-24,Crystal Palace,West Ham,0,2,Premier League
2024-08-24,Fulham,Leicester,2,1,Premier League
2024-08-24,Man City,Ipswich,4,1,Premier League
2024-08-24,Southampton,Nott'm Forest,0,1,Premier League
2024-08-24,Tottenham,Everton,4,0,Premier League
2024-08-24,Aston Villa,Arsenal,0,2,Premier League
2024-08-25,Bournemouth,Newcastle,1,1,Premier League
2024-08-25,Wolves,Chelsea,2,6,Premier League
2024-08-25,Liverpool,Brentford,2,0,Premier League
2024-08-31,Arsenal,Brighton,1,1,Premier League
2024-08-31,Brentford,Southampton,3,1,Premier League
2024-08-31,Everton,Bournemouth,2,3,Premier League
2024-08-31,Ipswich,Fulham,1,1,Premier League
2024-08-31,Leicester,Aston Villa,1,2,Premier League
2024-08-31,Nott'm Forest,Wolves,1,1,Premier League
2024-08-31,West Ham,Man City,1,3,Premier League
2024-09-01,Chelsea,Crystal Palace,1,1,Premier League
2024-09-01,Newcastle,Tottenham,2,1,Premier League
2024-09-01,Man United,Liverpool,0,3,Premier League
2024-09-14,Southampton,Man United,0,3,Premier League
2024-09-14,Brighton,Ipswich,0,0,Premier League
2024-09-14,Crystal Palace,Leicester,2,2,Premier League
2024-09-14,Fulham,West Ham,1,1,Premier League
2024-09-14,Liverpool,Nott'm Forest,0,1,Premier League
2024-09-14,Man City,Brentford,2,1,Premier League
2024-09-14,Aston Villa,Everton,3,2,Premier League
2024-09-14,Bournemouth,Chelsea,0,1,Premier League
2024-09-15,Tottenham,Arsenal,0,1,Premier League
2024-09-15,Wolves,Newcastle,1,2,Premier League
2024-09-21,West Ham,Chelsea,0,3,Premier League
2024-09-21,Aston Villa,Wolves,3,1,Premier League
2024-09-21,Fulham,Newcastle,3,1,Premier League
2024-09-21,Leicester,Everton,1,1,Premier League
2024-09-21,Liverpool,Bournemouth,3,0,Premier League
2024-09-21,Southampton,Ipswich,1,1,Premier League
2024-09-21,Tottenham,Brentford,3,1,Premier League
2024-09-21,Crystal Palace,Man United,0,0,Premier League
2024-09-22,Brighton,Nott'm Forest,2,2,Premier League
2024-09-22,Man City,Arsenal,2,2,Premier League
2024-09-28,Newcastle,Man City,1,1,Premier League
2024-09-28,Arsenal,Leicester,4,2,Premier League
2024-09-28,Brentford,West Ham,1,1,Premier League
2024-09-28,Chelsea,Brighton,4,2,Premier League
2024-09-28,Everton,Crystal Palace,2,1,Premier League
2024-09-28,Nott'm Forest,Fulham,0,1,Premier League
2024-09-28,Wolves,Liverpool,1,2,Premier League
2024-09-29,Ipswich,Aston Villa,2,2,Premier League
2024-09-29,Man United,Tottenham,0,3,Premier League
2024-09-30,Bournemouth,Southampton,3,1,Premier League
2024-10-05,Crystal Palace,Liverpool,0,1,Premier League
2024-10-05,Arsenal,Southampton,3,1,Premier League
2024-10-05,Brentford,Wolves,5,3,Premier League
2024-10-05,Leicester,Bournemouth,1,0,Premier League
2024-10-05,Man City,Fulham,3,2,Premier League
2024-10-05,West Ham,Ipswich,4,1,Premier League
2024-10-05,Everton,Newcastle,0,0,Premier League
2024-10-06,Aston Villa,Man United,0,0,Premier League
2024-10-06,Chelsea,Nott'm Forest,1,1,Premier League
2024-10-06,Brighton,Tottenham,3,2,Premier League
2024-10-19,Tottenham,West Ham,4,1,Premier League
2024-10-19,Fulham,Aston Villa,1,3,Premier League
2024-10-19,Ipswich,Everton,0,2,Premier League
2024-10-19,Man United,Brentford,2,1,Premier League
2024-10-19,Newcastle,Brighton,0,1,Premier League
2024-10-19,Southampton,Leicester,2,3,Premier League
2024-10-19,Bournemouth,Arsenal,2,0,Premier League
2024-10-20,Wolves,Man City,1,2,Premier League
2024-10-20,Liverpool,Chelsea,2,1,Premier League
2024-10-21,Nott'm Forest,Crystal Palace,1,0,Premier League
2024-10-25,Leicester,Nott'm Forest,1,3,Premier League
2024-10-26,Aston Villa,Bournemouth,1,1,Premier League
2024-10-26,Brentford,Ipswich,4,3,Premier League
2024-10-26,Brighton,Wolves,2,2,Premier League
2024-10-26,Man City,Southampton,1,0,Premier League
2024-10-26,Everton,Fulham,1,1,Premier League
2024-10-27,Chelsea,Newcastle,2,1,Premier League
2024-10-27,Crystal Palace,Tottenham,1,0,Premier League
2024-10-27,West Ham,Man United,2,1,Premier League
2024-10-27,Arsenal,Liverpool,2,2,Premier League
2024-11-02,Newcastle,Arsenal,1,0,Premier League
2024-11-02,Bournemouth,Man City,2,1,Premier League
2024-11-02,Ipswich,Leicester,1,1,Premier League
2024-11-02,Liverpool,Brighton,2,1,Premier League
2024-11-02,Nott'm Forest,West Ham,3,0,Premier League
2024-11-02,Southampton,Everton,1,0,Premier League
2024-11-02,Wolves,Crystal Palace,2,2,Premier League
2024-11-03,Tottenham,Aston Villa,4,1,Premier League
2024-11-03,Man United,Chelsea,1,1,Premier League
2024-11-04,Fulham,Brentford,2,1,Premier League
2024-11-09,Brentford,Bournemouth,3,2,Premier League
2024-11-09,Crystal Palace,Fulham,0,2,Premier League
2024-11-09,West Ham,Everton,0,0,Premier League
2024-11-09,Wolves,Southampton,2,0,Premier League
2024-11-09,Brighton,Man City,2,1,Premier League
2024-11-09,Liverpool,Aston Villa,2,0,Premier League
2024-11-10,Man United,Leicester,3,0,Premier League
2024-11-10,Nott'm Forest,Newcastle,1,3,Premier League
2024-11-10,Tottenham,Ipswich,1,2,Premier League
2024-11-10,Chelsea,Arsenal,1,1,Premier League
2024-11-23,Leicester,Chelsea,1,2,Premier League
2024-11-23,Arsenal,Nott'm Forest,3,0,Premier League
2024-11-23,Aston Villa,Crystal Palace,2,2,Premier League
2024-11-23,Bournemouth,Brighton,1,2,Premier League
2024-11-23,Everton,Brentford,0,0,Premier League
2024-11-23,Fulham,Wolves,1,4,Premier League
2024-11-23,Man City,Tottenham,0,4,Premier League
2024-11-24,Southampton,Liverpool,2,3,Premier League
2024-11-24,Ipswich,Man United,1,1,Premier League
2024-11-25,Newcastle,West Ham,0,2,Premier League
2024-11-29,Brighton,Southampton,1,1,Premier League
2024-11-30,Brentford,Leicester,4,1,Premier League
2024-11-30,Crystal Palace,Newcastle,1,1,Premier League
2024-11-30,Nott'm Forest,Ipswich,1,0,Premier League
2024-11-30,Wolves,Bournemouth,2,4,Premier League
2024-11-30,West Ham,Arsenal,2,5,Premier League
2024-12-01,Chelsea,Aston Villa,3,0,Premier League
2024-12-01,Man United,Everton,4,0,Premier League
2024-12-01,Tottenham,Fulham,1,1,Premier League
2024-12-01,Liverpool,Man City,2,0,Premier League
2024-12-03,Ipswich,Crystal Palace,0,1,Premier League
2024-12-03,Leicester,West Ham,3,1,Premier League
2024-12-04,Everton,Wolves,4,0,Premier League
2024-12-04,Man City,Nott'm Forest,3,0,Premier League
2024-12-04,Newcastle,Liverpool,3,3,Premier League
2024-12-04,Southampton,Chelsea,1,5,Premier League
2024-12-04,Arsenal,Man United,2,0,Premier League
2024-12-04,Aston Villa,Brentford,3,1,Premier League
2024-12-05,Fulham,Brighton,3,1,Premier League
2024-12-05,Bournemouth,Tottenham,1,0,Premier League
2024-12-07,Aston Villa,Southampton,1,0,Premier League
2024-12-07,Brentford,Newcastle,4,2,Premier League
2024-12-07,Crystal Palace,Man City,2,2,Premier League
2024-12-07,Man United,Nott'm Forest,2,3,Premier League
2024-12-08,Fulham,Arsenal,1,1,Premier League
2024-12-08,Ipswich,Bournemouth,1,2,Premier League
2024-12-08,Leicester,Brighton,2,2,Premier League
2024-12-08,Tottenham,Chelsea,3,4,Premier League
2024-12-09,West Ham,Wolves,2,1,Premier League
2024-12-14,Arsenal,Everton,0,0,Premier League
2024-12-14,Liverpool,Fulham,2,2,Premier League
2024-12-14,Newcastle,Leicester,4,0,Premier League
2024-12-14,Wolves,Ipswich,1,2,Premier League
2024-12-14,Nott'm Forest,Aston Villa,2,1,Premier League
2024-12-15,Brighton,Crystal Palace,1,3,Premier League
2024-12-15,Man City,Man United,1,2,Premier League
2024-12-15,Chelsea,Brentford,2,1,Premier League
2024-12-15,Southampton,Tottenham,0,5,Premier League
2024-12-16,Bournemouth,West Ham,1,1,Premier League
2024-12-21,Aston Villa,Man City,2,1,Premier League
2024-12-21,Brentford,Nott'm Forest,0,2,Premier League
2024-12-21,Ipswich,Newcastle,0,4,Premier League
2024-12-21,West Ham,Brighton,1,1,Premier League
2024-12-21,Crystal Palace,Arsenal,1,5,Premier League
2024-12-22,Everton,Chelsea,0,0,Premier League
2024-12-22,Fulham,Southampton,0,0,Premier League
2024-12-22,Leicester,Wolves,0,3,Premier League
2024-12-22,Man United,Bournemouth,0,3,Premier League
2024-12-22,Tottenham,Liverpool,3,6,Premier League
2024-12-26,Man City,Everton,1,1,Premier League
2024-12-26,Bournemouth,Crystal Palace,0,0,Premier League
2024-12-26,Chelsea,Fulham,1,2,Premier League
2024-12-26,Newcastle,Aston Villa,3,0,Premier League
2024-12-26,Nott'm Forest,Tottenham,1,0,Premier League
2024-12-26,Southampton,West Ham,0,1,Premier League
2024-12-26,Wolves,Man United,2,0,Premier League
2024-12-26,Liverpool,Leicester,3,1,Premier League
2024-12-27,Brighton,Brentford,0,0,Premier League
2024-12-27,Arsenal,Ipswich,1,0,Premier League
2024-12-29,Leicester,Man City,0,2,Premier League
2024-12-29,Crystal Palace,Southampton,2,1,Premier League
2024-12-29,Everton,Nott'm Forest,0,2,Premier League
2024-12-29,Fulham,Bournemouth,2,2,Premier League
2024-12-29,Tottenham,Wolves,2,2,Premier League
2024-12-29,West Ham,Liverpool,0,5,Premier League
2024-12-30,Aston Villa,Brighton,2,2,Premier League
2024-12-30,Ipswich,Chelsea,2,0,Premier League
2024-12-30,Man United,Newcastle,0,2,Premier League
2025-01-01,Brentford,Arsenal,1,3,Premier League
2025-01-04,Tottenham,Newcastle,1,2,Premier League
2025-01-04,Aston Villa,Leicester,2,1,Premier League
2025-01-04,Bournemouth,Everton,1,0,Premier League
2025-01-04,Crystal Palace,Chelsea,1,1,Premier League
2025-01-04,Man City,West Ham,4,1,Premier League
2025-01-04,Southampton,Brentford,0,5,Premier League
2025-01-04,Brighton,Arsenal,1,1,Premier League
2025-01-05,Fulham,Ipswich,2,2,Premier League
2025-01-05,Liverpool,Man United,2,2,Premier League
2025-01-06,Wolves,Nott'm Forest,0,3,Premier League
2025-01-14,Brentford,Man City,2,2,Premier League
2025-01-14,Chelsea,Bournemouth,2,2,Premier League
2025-01-14,West Ham,Fulham,3,2,Premier League
2025-01-14,Nott'm Forest,Liverpool,1,1,Premier League
2025-01-15,Everton,Aston Villa,0,1,Premier League
2025-01-15,Leicester,Crystal Palace,0,2,Premier League
2025-01-15,Newcastle,Wolves,3,0,Premier League
2025-01-15,Arsenal,Tottenham,2,1,Premier League
2025-01-16,Ipswich,Brighton,0,2,Premier League
2025-01-16,Man United,Southampton,3,1,Premier League
2025-01-18,Newcastle,Bournemouth,1,4,Premier League
2025-01-18,Brentford,Liverpool,0,2,Premier League
2025-01-18,Leicester,Fulham,0,2,Premier League
2025-01-18,West Ham,Crystal Palace,0,2,Premier League
2025-01-18,Arsenal,Aston Villa,2,2,Premier League
2025-01-19,Everton,Tottenham,3,2,Premier League
2025-01-19,Man United,Brighton,1,3,Premier League
2025-01-19,Nott'm Forest,Southampton,3,2,Premier League
2025-01-19,Ipswich,Man City,0,6,Premier League
2025-01-20,Chelsea,Wolves,3,1,Premier League
2025-01-25,Bournemouth,Nott'm Forest,5,0,Premier League
2025-01-25,Brighton,Everton,0,1,Premier League
2025-01-25,Liverpool,Ipswich,4,1,Premier League
2025-01-25,Southampton,Newcastle,1,3,Premier League
2025-01-25,Wolves,Arsenal,0,1,Premier League
2025-01-25,Man City,Chelsea,3,1,Premier League
2025-01-26,Crystal Palace,Brentford,1,2,Premier League
2025-01-26,Tottenham,Leicester,1,2,Premier League
2025-01-26,Aston Villa,West Ham,1,1,Premier League
2025-01-26,Fulham,Man United,0,1,Premier League
2025-02-01,Nott'm Forest,Brighton,7,0,Premier League
2025-02-01,Bournemouth,Liverpool,0,2,Premier League
2025-02-01,Everton,Leicester,4,0,Premier League
2025-02-01,Ipswich,Southampton,1,2,Premier League
2025-02-01,Newcastle,Fulham,1,2,Premier League
2025-02-01,Wolves,Aston Villa,2,0,Premier League
2025-02-02,Brentford,Tottenham,0,2,Premier League
2025-02-02,Man United,Crystal Palace,0,2,Premier League
2025-02-02,Arsenal,Man City,5,1,Premier League
2025-02-03,Chelsea,West Ham,2,1,Premier League
2025-02-12,Everton,Liverpool,2,2,Premier League
2025-02-14,Brighton,Chelsea,3,0,Premier League
2025-02-15,Leicester,Arsenal,0,2,Premier League
2025-02-15,Aston Villa,Ipswich,1,1,Premier League
2025-02-15,Fulham,Nott'm Forest,2,1,Premier League
2025-02-15,Man City,Newcastle,4,0,Premier League
2025-02-15,Southampton,Bournemouth,1,3,Premier League
2025-02-15,West Ham,Brentford,0,1,Premier League
2025-02-15,Crystal Palace,Everton,1,2,Premier League
2025-02-16,Liverpool,Wolves,2,1,Premier League
2025-02-16,Tottenham,Man United,1,0,Premier League
2025-02-19,Aston Villa,Liverpool,2,2,Premier League
2025-02-21,Leicester,Brentford,0,4,Premier League
2025-02-22,Everton,Man United,2,2,Premier League
2025-02-22,Arsenal,West Ham,0,1,Premier League
2025-02-22,Bournemouth,Wolves,0,1,Premier League
2025-02-22,Fulham,Crystal Palace,0,2,Premier League
2025-02-22,Ipswich,Tottenham,1,4,Premier League
2025-02-22,Southampton,Brighton,0,4,Premier League
2025-02-22,Aston Villa,Chelsea,2,1,Premier League
2025-02-23,Newcastle,Nott'm Forest,4,3,Premier League
2025-02-23,Man City,Liverpool,0,2,Premier League
2025-02-25,Brighton,Bournemouth,2,1,Premier League
2025-02-25,Crystal Palace,Aston Villa,4,1,Premier League
2025-02-25,Wolves,Fulham,1,2,Premier League
2025-02-25,Chelsea,Southampton,4,0,Premier League
2025-02-26,Brentford,Everton,1,1,Premier League
2025-02-26,Man United,Ipswich,3,2,Premier League
2025-02-26,Nott'm Forest,Arsenal,0,0,Premier League
2025-02-26,Tottenham,Man City,0,1,Premier League
2025-02-26,Liverpool,Newcastle,2,0,Premier League
2025-02-27,West Ham,Leicester,2,0,Premier League
2025-03-08,Nott'm Forest,Man City,1,0,Premier League
2025-03-08,Brighton,Fulham,2,1,Premier League
2025-03-08,Crystal Palace,Ipswich,1,0,Premier League
2025-03-08,Liverpool,Southampton,3,1,Premier League
2025-03-08,Brentford,Aston Villa,0,1,Premier League
2025-03-08,Wolves,Everton,1,1,Premier League
2025-03-09,Chelsea,Leicester,1,0,Premier League
2025-03-09,Tottenham,Bournemouth,2,2,Premier League
2025-03-09,Man United,Arsenal,1,1,Premier League
2025-03-10,West Ham,Newcastle,0,1,Premier League
2025-03-15,Everton,West Ham,1,1,Premier League
2025-03-15,Ipswich,Nott'm Forest,2,4,Premier League
2025-03-15,Man City,Brighton,2,2,Premier League
2025-03-15,Southampton,Wolves,1,2,Premier League
2025-03-15,Bournemouth,Brentford,1,2,Premier League
2025-03-16,Arsenal,Chelsea,1,0,Premier League
2025-03-16,Fulham,Tottenham,2,0,Premier League
2025-03-16,Leicester,Man United,0,3,Premier League
2025-04-01,Arsenal,Fulham,2,1,Premier League
2025-04-01,Wolves,West Ham,1,0,Premier League
2025-04-01,Nott'm Forest,Man United,1,0,Premier League
2025-04-02,Bournemouth,Ipswich,1,2,Premier League
2025-04-02,Brighton,Aston Villa,0,3,Premier League
2025-04-02,Man City,Leicester,2,0,Premier League
2025-04-02,Newcastle,Brentford,2,1,Premier League
2025-04-02,Southampton,Crystal Palace,1,1,Premier League
2025-04-02,Liverpool,Everton,1,0,Premier League
2025-04-03,Chelsea,Tottenham,1,0,Premier League
2025-04-05,Everton,Arsenal,1,1,Premier League
2025-04-05,Crystal Palace,Brighton,2,1,Premier League
2025-04-05,Ipswich,Wolves,1,2,Premier League
2025-04-05,West Ham,Bournemouth,2,2,Premier League
2025-04-05,Aston Villa,Nott'm Forest,2,1,Premier League
2025-04-06,Brentford,Chelsea,0,0,Premier League
2025-04-06,Fulham,Liverpool,3,2,Premier League
2025-04-06,Tottenham,Southampton,3,1,Premier League
2025-04-06,Man United,Man City,0,0,Premier League
2025-04-07,Leicester,Newcastle,0,3,Premier League
2025-04-12,Man City,Crystal Palace,5,2,Premier League
2025-04-12,Brighton,Leicester,2,2,Premier League
2025-04-12,Nott'm Forest,Everton,0,1,Premier League
2025-04-12,Southampton,Aston Villa,0,3,Premier League
2025-04-12,Arsenal,Brentford,1,1,Premier League
2025-04-13,Chelsea,Ipswich,2,2,Premier League
2025-04-13,Liverpool,West Ham,2,1,Premier League
2025-04-13,Wolves,Tottenham,4,2,Premier League
2025-04-13,Newcastle,Man United,4,1,Premier League
2025-04-14,Bournemouth,Fulham,1,0,Premier League
2025-04-16,Newcastle,Crystal Palace,5,0,Premier League
2025-04-19,Brentford,Brighton,4,2,Premier League
2025-04-19,Crystal Palace,Bournemouth,0,0,Premier League
2025-04-19,Everton,Man City,0,2,Premier League
2025-04-19,West Ham,Southampton,1,1,Premier League
2025-04-19,Aston Villa,Newcastle,4,1,Premier League
2025-04-20,Fulham,Chelsea,1,2,Premier League
2025-04-20,Ipswich,Arsenal,0,4,Premier League
2025-04-20,Man United,Wolves,0,1,Premier League
2025-04-20,Leicester,Liverpool,0,1,Premier League
2025-04-21,Tottenham,Nott'm Forest,1,2,Premier League
2025-04-22,Man City,Aston Villa,2,1,Premier League
2025-04-23,Arsenal,Crystal Palace,2,2,Premier League
2025-04-26,Chelsea,Everton,1,0,Premier League
2025-04-26,Brighton,West Ham,3,2,Premier League
2025-04-26,Newcastle,Ipswich,3,0,Premier League
2025-04-26,Southampton,Fulham,1,2,Premier League
2025-04-26,Wolves,Leicester,3,0,Premier League
2025-04-27,Bournemouth,Man United,1,1,Premier League
2025-04-27,Liverpool,Tottenham,5,1,Premier League
2025-05-01,Nott'm Forest,Brentford,0,2,Premier League
2025-05-02,Man City,Wolves,1,0,Premier League
2025-05-03,Aston Villa,Fulham,1,0,Premier League
2025-05-03,Everton,Ipswich,2,2,Premier League
2025-05-03,Leicester,Southampton,2,0,Premier League
2025-05-03,Arsenal,Bournemouth,1,2,Premier League
2025-05-04,Brentford,Man United,4,3,Premier League
2025-05-04,Brighton,Newcastle,1,1,Premier League
2025-05-04,West Ham,Tottenham,1,1,Premier League
2025-05-04,Chelsea,Liverpool,3,1,Premier League
2025-05-05,Crystal Palace,Nott'm Forest,1,1,Premier League
2025-05-10,Fulham,Everton,1,3,Premier League
2025-05-10,Ipswich,Brentford,0,1,Premier League
2025-05-10,Southampton,Man City,0,0,Premier League
2025-05-10,Wolves,Brighton,0,2,Premier League
2025-05-10,Bournemouth,Aston Villa,0,1,Premier League
2025-05-11,Newcastle,Chelsea,2,0,Premier League
2025-05-11,Man United,West Ham,0,2,Premier League
2025-05-11,Nott'm Forest,Leicester,2,2,Premier League
2025-05-11,Tottenham,Crystal Palace,0,2,Premier League
2025-05-11,Liverpool,Arsenal,2,2,Premier League
2025-05-16,Aston Villa,Tottenham,2,0,Premier League
2025-05-16,Chelsea,Man United,1,0,Premier League
2025-05-18,Everton,Southampton,2,0,Premier League
2025-05-18,West Ham,Nott'm Forest,1,2,Premier League
2025-05-18,Brentford,Fulham,2,3,Premier League
2025-05-18,Leicester,Ipswich,2,0,Premier League
2025-05-18,Arsenal,Newcastle,1,0,Premier League
2025-05-19,Brighton,Liverpool,3,2,Premier League
2025-05-20,Crystal Palace,Wolves,4,2,Premier League
2025-05-20,Man City,Bournemouth,3,1,Premier League
2025-05-25,Bournemouth,Leicester,2,0,Premier League
2025-05-25,Fulham,Man City,0,2,Premier League
2025-05-25,Ipswich,West Ham,1,3,Premier League
2025-05-25,Liverpool,Crystal Palace,1,1,Premier League
2025-05-25,Man United,Aston Villa,2,0,Premier League
2025-05-25,Newcastle,Everton,0,1,Premier League
2025-05-25,Nott'm Forest,Chelsea,0,1,Premier League
2025-05-25,Southampton,Arsenal,1,2,Premier League
2025-05-25,Tottenham,Brighton,1,4,Premier League
2025-05-25,Wolves,Brentford,1,1,Premier League
